Acronyme,changements à préciser depuis le 16-17 octobre 2023,NOM et prénom,Etablissement du porteur,Etablissement 2,Etablissement 3,Etablissement 4,Etablissement 5,Etablissement 6,Etablissement 7,Etablissement 8,Etablissement 9,Etablissement 10,Etablissement 11,Partenaire 1,Partenaire 2,Partenaire 3,Partenaire 4,Partenaire 5,Partenaire 6,Partenaire 7,Partenaire 8,Partenaire 9,Partenaire 10,Partenaire 11,Partenaire 12,Laboratoire du porteur,Labo 2,Labo 3,Labo 4,Labo 5,Labo 6,Labo 7,Labo 8,Labo 9,Labo 10,Labo 11,Labo 12,Labo 13,Labo 14,Labo 15,Labo 16,Labo 17,Labo 18,Labo 19,Labo 20,Labo 21,Labo 22,discipline 1,discipline 2,discipline 3,discipline 4,discipline 5,discipline 6,discipline 7,discipline 8,discipline 9,discipline 10,discipline 11,ERC,Mot clef 1,Mot clef 2,Mot clef 3,Mot clef 4,Mot clef 5,Mot clef 6,Mot clef 7,Mot clef 8,Mot clef 9,Mot clef 10,Mot clef 11,Mot clef 12,Mot clef 13,site 1,site 2,site 3,site 4,site 5,site 6,site 7,site 8,site 9,site 10,site 11,nom 2,nom 3,nom 4,nom 5,nom 6,nom 7,nom 8,nom 9,nom 10,nom 11,nom 12,nom 13,nom 14,nom 15,nom 16,nom 17,nom 18,nom 19,nom 20,nom 21,nom 22,nom 23,nom 24,nom 25,nom 26,nom 27,nom 28,nom 29,nom 30,Defi principal,autre défi 1,autre défi 2,autre défi 3,autre défi 4,autre défi 5,autre défi 6,Nom complet,Notes,,,,
ALTERMOB,,PEGUY Pierre-Yves,Université Lumière Lyon 2,,,,,,,,,,,,,,,,,,,,,,,LAET,,,,,,,,,,,,,,,,,,,,,,Economie Gestion Management - G2 05 06,,,,,,,,,,,,Espaces métropolitains,Mobilité,Décarbonation,Emissions,ACV,Evaluation Environnementale,Evaluation économique,Coûts d'évitement,Aide à la décision publique,,,,,Lyon Saint Etienne,,,,,,,,,,,,,,,,,,,,,,,,,,,,,,,,,,,,,,,,Le changement climatique,la préservation de la biodiversité,La ville résiliente,,,,,Evaluation Environnementale des Politiques publiques territoriales de mobilité durable et coûts d'évitement associés,,,,,
AnthroPolUrb,,DELILE HUGO,CNRS,ENS Lyon,Aix Marseille Université,Université de Montpellier III PV,INRAE,Univesité Lyon 2,Université Toulouse II,Ecole Pratique des Hautes Etudes,,,,INRAP,Bureau d'étude Mosaïque Archéologie,Service Archéologie de la vielle de Lyon,,,,,,,,,,ARCHEORIENT,TRACES,LGL-TPE,RIVERLY,EVS,ADES,CCJ,ASM,Institut du Patrimoine,,,,,,,,,,,,,,Histoire - Archéologie - G4 21 22,Chimie - G7 31 32 33,"mécanique, Génie Civil - G9 60","ethnologie, préhistoire Anthropologie - G4 20",,,,,,,,"SH7 Mobilité humaine, environnement et espace : Géographie humaine, démographie, santé, sciences de la durabilité, aménagement du territoire, analyse spatiale",Hydrosystème Fluviaux,anthropocène,pollution,ingénierie et infrastructures hydroliques,minerais,histoire,archéologie,ressources naturelles,santé humaine et environnementale,Anthropo biologie,qualité de l'eau,,,Lyon Saint Etienne,Aix Marseille,Montpellier,Toulouse,Paris,,,,,,,BARON Sandrine,BLICHERT-TOFT Janne,LE COZ Jérôme,COQUIDÉ Catherine,BERGER Jean-François,DABRIN Aymeric,GRANIER Gaëlle,HEIJMANS Marc,SANCHEZ Corinne,FLAUX Clément,BIGOT Fabrice,TRONCHERE Hervé,GAILLOT Stéphane,BEN JERDANIA Imed,VAN ANDRINGA William,,,,,,,,,,,,,,,La ville résiliente,La ville sobre et frugale,"La ville durable, santé et bien-être","Les défis émergents, signaux faibles, nouvelles difficultés",,,,Origine et devenir de l’anthropocène urbain dans le continuum Homme-Terre-Mer du Rhône et de la Medjerda,,,,,
ATTERRIR,,VAREILLES Sophie,INSA-Lyon,ENTPE,Université Lyon 2,Université Gustave Eiffel,Ecole Centrale Lyon,EHESS,ENSAL,ENSAG,ENSASE,,,Atelier Matière à construire (AMACO),Centre National de Matériaux Naturels pour la Construction (CTMNC),CSTB,Confédération de l’Artisanat et des Petites Entreprises du Bâtiment (CAPEB Isère),Société d'études techniques et économiques (SETEC),Ville de Lyon,Agence d'urbanisme de Lyon,CAUE,Ordre des architectes,Experts auprès des tribunaux,associations,,EVS,MATEIS,LAMCOS,LTDS,IMP,GEOMAS,GERS,AE&CC,,,,,,,,,,,,,,,milieux Matériaux - G6 28 29 30,"Mécanique, Génie Civil - G9 60",Géographie - G4 23,aménagement Urbanisme G4 24,Architecture Arts - G4 18,,,,,,,,ville durable,Transitions urbaines,Terre crue,construction,changements,freins sociotechniques,morphologie sociale,,,,,,,Lyon Saint Etienne,Marne La Vallée,Grenoble,,,,,,,,,,,,,,,,,,,,,,,,,,,,,,,,,,,,,,La ville sobre et frugale,Le changement climatique,La préservation de la biodiversité,La ville résiliente,La ville inclusive et équitable,"La ville durable, santé et bien-être","les défis émergents, signaux faibles, nouvelles difficultés","Anthropocène, Transitions urbaines et TERRe crue. Analyse de la mIse en œuvre des villes duRables à partir de la terre crue dans la construction",,,,,
BaaS,,BOUZOUINA Louafi,ENTPE,Université de Lille,INSA-Lyon,,,,,,,,,Fédération Française des usagers de la bicyclette,EDF,CITIZ (service de voitures Partégées) ,,,,,,,,,,LAET,CLERSE,CETHIL,,,,,,,,,,,,,,,,,,,,Economie Gestion Management - G2 05 06,Informatique - G5 27,,,,,,,,,,"LS8 Biologie environnementale, écologie et évolution : Pour tous les organismes Écologie, biodiversité, changements environnementaux, biologie de l'évolution, écologie comportementale, écologie microbienne, biologie marine, écophysiologie, développements théoriques et modélisation",,,,,,,,,,,,,,Lyon Saint Etienne,Lille,,,,,,,,,,,,,,,,,,,,,,,,,,,,,,,,,,,,,,,La ville sobre et frugale,La ville inclusive et équitable,"les défis émergents, signaux faibles, nouvelles difficultés",,,,,« Building as a Service » : évaluation socioéconomique et environnementale des actions de transformation du bâtiment pour des services durables,,,,,
BASE,,CORMIER Pierre-Antoine,CESI Ecole d'ingénieur,Université de Versailles Saint Quentin en Yvelines,Université de Paris Saclay,,,,,,,,,CISCO,,,,,,,,,,,,LINEACT,DAVID,,,,,,,,,,,,,,,,,,,,,Economie Gestion Management - G2 05 06,Informatique - G5 27,,,,,,,,,,"SH5 Cultures et production culturelle : Études littéraires, études culturelles, étude des arts, philosophie",Comportement,Confort adaptatif,Qualité de l'air,IA et Mahcine Learning,Modélisation numérique,,,,,,,,,Orléans,,,,,,,,,,,,,,,,,,,,,,,,,,,,,,,,,,,,,,,,La ville sobre et frugale,"La ville durable, santé et bien-être",,,,,,Bâtiment Apprenant à être Sain et Eco-responsable,,,,,
BATMAT,,MONGEARD Laetitia,Université Paris Est Créteil,Université de Lyon,,0,0,0,0,0,0,0,0,POPSU,,,,,,,,,,,,Lab'URBA,EVS,LATTS,ESO,IMU ,,,,,,,,,,,,,,,,,,Géographie - G4 23,Informatique - G5 27,,,,,,,,,,,Métabolisme,économie circulaire,Construction,Déchets,,,,,,,,,,Créteil,Lyon Saint Etienne,,,,,,,,,,DESVAUX Pierre,,,,,,,,,,,,,,,,,,,,,,,,,,,,,La ville sobre et frugale,La ville inclusive et équitable,,,,,,Métabolisme et circularité des matières pour pérenniser les bâtiments urbains,,,,,
BEECS,,BARROCA Bruno,Université Gustave Eiffel,Aix Marseille Université,Ecole Nationale Supérieure d'Archteicture de Paris-Belleville,CNRS,Université de Technologie de Compiègne,Université de Versailles Saint Quentin en Yvelines,,,,,,Urban Water,NHOOD,Institut Paris Région,Efficacity,Urban Climat Change Research Network ,France Nature Environnement (association),AFNOR,EPCI Marne & Bois,Champagne-sur-Marne (ZAC des Hauts de Nesle),Montreuil,Marseille & Castelnau-le-Lez (quartier EUREKA),Rouen & Commune proche,Lab'URBA,IMSE,AUSser,iEES,AVENUES,CEARC,,,,,,,,,,,,,,,,,Géographie - G4 23,architecture Arts - G4 18,"Biologie, biochimie, physiologie, écologie, neuroscience - G10  64 à 69",Droit - G1 01 02 03,informatique - G5 27,"Science de l'éducation, sciences de l'information - G12 70 71 73 74",,,,,,,Énergie,biodiversité,Eau,Logement,Planification,Trajectoires,Scénarios,sols,Citoyens,Foncier,,,,Aix Marseille,Paris,Compiègne,Versailles,,,,,,,,PELLEGRINO Margot,RUAS Anne,LAMBERT Marie-Laure,LORTIE André,PACTEAU Chantal,MOLINES  Nathalie,DA CUNHA Charlotte,,,,,,,,,,,,,,,,,,,,,,,Le changement climatique,la préservation de la biodiversité,La ville résiliente,"Les défis émergents, signaux faibles, nouvelles difficultés",,,,Biodiversité -Energie-Eau-Construction-Sol : Trajectoires d’aménagement multi-acteurs de territoires,,,,,
BIOSE/DD,,REBUFA Catherine,Aix Marseille Université,IRD,,,,,,,,,,ADEME,Association Française Interprofessionnelle de l'Olive,Observatoire de la qualité de l'air en Région Sud Provence Alpes Côte d'Azur,BIOVARE recyclage collecte valorisation traitement biodéchets 13,Association des Compagnons de l'Olivier du Pays d'Aix,COLINEO - Conservatoire des Restanques Verger et Jardin Méditerranéen,OvinAlp Solutions Fertilisantes Eprouvées,DEPIL Direction d'Exploitation du Patrimoine Immobilier et de la Logistique (AMU),Cellule Verte (AMU IMBE),CSTB,,,IMBE,LCE,M2P2,LPED,CEREGE,,,,,,,,,,,,,,,,,,Chimie - G7 31 32 33,"Biologie, biochimie, physiologie, écologie, neuroscience - G10  64 à 69","mécanique, Génie Civil - G9 60",,,,,,,,,"SH1 Individus, marchés et organisations : Economie, finance, management",Olivier,biodiversité,agriculture urbaine,éco-rénovation,vivre ensemble,,,,,,,,,Aix Marseille,,,,,,,,,,,,,,,,,,,,,,,,,,,,,,,,,,,,,,,,Le changement climatique,la préservation de la biodiversité,"La ville durable, santé et bien-être",,,,,Bâtiment Innovant au centre de l’Oléoarboretum et Services Écosystémiques pour un Développement Durable,,,,,
BLUERIVER2050,,RIVIERE Nicolas,INSA-Lyon,Université Lumière Lyon 2,CNRS,,,,,,,,,Métropole de Lyon,SDMIS - Sapeur Pompier,VNF - Voie Navigable de France,,,,,,,,,,LMFA,EVS,LEHNA,ARENES,CRENSP,RIVERLY,IRSET,,,,,,,,,,,,,,,,Géographie - G4 23,"Biologie, biochimie, physiologie, écologie, neuroscience - G10  64 à 69",Chimie - G7 31 32 33,"Santé, médecine - Gxx 85 à 92",,,,,,,,,Changement climatique,résilience,biodiversité en ville,santé et bien-être,habitants,villes inclusives et équitables,qualité de l'eau,,,,,,,Lyon Saint Etienne,Rennes,,,,,,,,,NAVRATIL Oldrich,HONEGGER Anne,,,,,,,,,,,,,,,,,,,,,,,,,,,,,"La ville durable, santé et bien-être",Le changement climatique,La préservation de la biodiversité,La ville inclusive et équitable,"Les défis émergents, signaux faibles, nouvelles difficultés",,,la Baignade en eau vive urbaine : Levier oU frEin pouR une ville habitable pour les humains et la biodIVERsité en 2050 ?,,,,,
BRC,,YOUNSI Zohir,JUNIA,ISB TP Marseille,Ecole supérieure d'architecture et de Paysage de Lille,Université de Lorraine,,,,,,,,Vinci Energie,SIA Habitat,,,,,,,,,,,LGCgE,,,,,,,,,,,,,,,,,,,,,,"mécanique, Génie Civil - G9 60",,,,,,,,,,,,,,,,,,,,,,,,,Lille,marseilles,Lorraine,,,,,,,,,,,,,,,,,,,,,,,,,,,,,,,,,,,,,,,,,,,,,La Chaire « Building Resilient Cities»,manque la note d'intention,,,,
CAUSAL,,HALLIL Hamida,Université de Bordeaux,CNRS,université Gustave Eiffel,,,,,,,,,CISTEME,,,,,,,,,,,,IMS,ESYCOM,LCPO,XLIM,,,,,,,,,,,,,,,,,,,milieux Matériaux - G6 28 29 30,"Génie Informatique, automatisme, traitement signal - G9 61",Chimie - G7 31 32 33,,,,,,,,,,Capteurs de gaz biosourcés,Capteurs environnementaux durables,Technologie verte,Transducteurs micro-ondes,RFID,analyse du cycle de vie,Minimisation de l'empreinte environnementale,,,,,,,Bordeaux,,,,,,,,,,,,,,,,,,,,,,,,,,,,,,,,,,,,,,,,"La ville durable, santé et bien-être","Les défis émergents, signaux faibles, nouvelles difficultés",,,,,,Capteurs de gAz bio-soUrcéS et durAbLes,,,,,
CAVEAU,,THIEBAULT Thomas,Ecole Pratique des Hautes Etudes,Sorbonne Université,Ecole Nationale des Ponts ParisTech,Université Paris Est Créteil,Insitut Pierre Simon Laplace (IPSI),Université Paris Nanterre,Ecole Nationale Supérieure d'Architecture de Paris Malaquais,INRAE,Université de Strasbourg,ENS Paris,,Syndicat Interdépartemental pour l’Assainissement de l’Agglomération Parisienne (SIAAP),Eau de Paris,Centre Pour la Recherche Economique et ses applications (CREMAP),,,,,,,,,,METIS,CRSA,LEESU,LSCE,LADYSS,GEMASS,LAS,AUSser,PROSE,DIHP,"Centre Jean Pépin UMR 8230 (CNRS, ENS Paris, Université Paris Sciences et Lettres)",,,,,,,,,,,,Chimie - G7 31 32 33,"Biologie, biochimie, physiologie, écologie, neuroscience - G10  64 à 69",sociologie Démographie - G4 19,"ethnologie, préhistoire Anthropologie - G4 20",Géographie - G4 23,Aménagement Urbanisme G4 24,,,,,,"LS3 Biologie cellulaire, du développement et régénérative : Pour tous les organismes Structure et fonction de la cellule, communication intercellulaire, embryogenèse, différenciation des tissus, organogenèse, croissance, développement, évolution du développement, organoïdes, cellules souches, régénération, approches thérapeutiques",Santé,inégalité,Vulnérabilité,Eau Usée,Monitoring,Veille,,,,,,,,Paris,Créteil,Strasbourg,,,,,,,,,MOUCHEL Jean-Marie,BLANCHOUD Hélène,MARECHAL Vincent,GHEBBO Ghassan,MOILLERON Régis,TRAMOY Romains,GOBERT Julie,JACOB Jéremy,RICAN Stéphane,VAILLANT Zoé,HELEQUIN Anne-Peggy,JAYET Cyril,DEBAILLY Renaud,PITROU Perig,ROCHER V. (SIAAP),GUÉRIN S.(SIAAP),MOULIN L. (Eau de Paris),WURTZER S. (Eau de Paris),CHESNEAU Isabelle,CHARDONNET-DARMAILLACQ Sabine,BIZE Ariane,CHAPLEUR Olivier,ROHR Olivier,PERONA Mathieu,CUNNINGHAM SABOT Emmanuèle,,,,,"La ville durable, santé et bien-être",Le changement climatique,La préservation de la biodiversité,La ville résiliente,La ville inclusive et équitable,,,CAractériser les Vulnérabilités par les EAux Usées brutes,,,,,
CEA-List,,ROBIN Bénédicte,CEA,,,,,,,,,,,,,,,,,,,,,,,LIST,,,,,,,,,,,,,,,,,,,,,,informatique - G5 27,Economie Gestion Management - G2 05 06,,,,,,,,,,"SH3 Le monde social et sa diversité : Sociologie, psychologie sociale, anthropologie sociale, sciences de l’éducation, études de communication",Monitoring environnemental frugal,IA,biodiversité,figre optique,réseau de chaleur,acoustique,,,,,,,,Saclay,,,,,,,,,,,TROUVE Adeline,,,,,,,,,,,,,,,,,,,,,,,,,,,,,Le changement climatique,la préservation de la biodiversité,La ville résiliente,La ville sobre et frugale,,,,Technologies au service de la ville durable et des bâtiments innovants,,,,,
CITIFLEX,,MOTTE-BAUMOL Benjamin,Université de Bourgogne,Université Gustave Eiffel,ENTPE,Université le Havre Normandie,INED,,,,,,,,,,,,,,,,,,,ThéMA,LVMT,LAET,LIST,IDEES,,,,,,,,,,,,,,,,,,Economie Gestion Management - G2 05 06,Géographie - G4 23,Aménagement Urbanisme G4 24,Sociologie Démographie - G4 19,,,,,,,,,Numérique,Flexibilité,espace,emploi,commerce,activité,santé,inégalités,Inclusion,,,,,Besançon,Lyon Saint Etienne,Havre,,,,,,,,,,,,,,,,,,,,,,,,,,,,,,,,,,,,,,La ville inclusive et équitable,La ville sobre et frugale,"La ville durable, santé et bien-être",,,,,Transformation Numérique des Villes : l'Inclusion par la Flexibilité Spatiale et Temporelle ?,,,,,
CITYVERSE ,,TRAORE Mamadou Kaba,Université de Bordeaux,Ecole Nationale d'Ingénieurs de Tarbes,Institut Mines-Télécom Mines Albi,University of Exeter (UK),Bornemouth University (UK),Universita di Macerata (It),University of Cyprus (Chypre),University of Tartu (Estonie),University of Ghent (Belgique),University of Gröningen (Pays bas),University Göttingen (Allemagne),Bordeaux Métropole,Ghent City,Tartu City,Holoforge,TomTom,Ultraleap,Tractebel,Polypipe,,,,,IMS,,,,,,,,,,,,,,,,,,,,,,informatique - G5 27,,,,,,,,,,,,Jumeau Numérique,Metaverse,Territoires Intelligents,Résilience,Durabilité,,,,,,,,,Bordeaux,Tarbes,Albi,Exeter,Royaume Uni,Italie,Chypre,Estonie,Belgique,Pays Bas,Allemagne,,,,,,,,,,,,,,,,,,,,,,,,,,,,,,La ville résiliente,La ville sobre et frugale,La ville inclusive et équitable,"La ville durable, santé et bien-être",,,,Jumeaux Numériques Immersifs pour Territoires Intelligents Résilients et Durables,,,,,
CŒUR-3R,,TAHLAITI Mahfoud,ICAM,Université Gustave Eiffel,CEREMA,,,,,,,,,Région Pays de Loire,Nantes Métropole,,,,,,,,,,,GeM,,,,,,,,,,,,,,,,,,,,,,"mécanique, Génie Civil - G9 60",,,,,,,,,,,"LS9 Biotechnologie et ingénierie des biosystèmes : Biotechnologie utilisant tous les organismes, biotechnologie pour les applications environnementales et alimentaires, sciences appliquées aux plantes et aux animaux, bioingénierie et biologie synthétique, biomasse et biocarburants, risques biologiques",Requalification,CND,Flux,BTP,Réemploi,Réutilisation,Filière,recyclage,,,,,,Nantes,,,,,,,,,,,,,,,,,,,,,,,,,,,,,,,,,,,,,,,,La ville résiliente,La ville sobre et frugale,,,,,,"L’économie circulaire au cœur de la planification écologique des territoires : Circularité Optimale (Réemploi, Réutilisation, Recyclage)",,,,,
COMODEV,,CAZALS Clarisse,INRAE,Université de Reims Champagne Ardenne,Université Paris Cité,,,,,,,,,,,,,,,,,,,,,ETTIS,LADYSS,REGARDS,LISC,OPAALE,,,,,,,,,,,,,,,,,,Economie Gestion Management - G2 05 06,Géographie - G4 23,Informatique - G5 27,,,,,,,,,,,,,,,,,,,,,,,Bordeaux,Paris,Reims,Clermont Ferrand,Rennes,,,,,,,,,,,,,,,,,,,,,,,,,,,,,,,,,,,,La ville sobre et frugale,La ville inclusive et équitable,,,,,,La coexistence des modèles d'économie circulaire: quelles trajectoires de transition dans les villes?,,,,,
DurArBeLT,,BOUTEILLER Véronique,Université Gustave Eiffel,,,,,,,,,,,,,,,,,,,,,,,EMGCU,,,,,,,,,,,,,,,,,,,,,,,,,,,,,,,,,,,,,,,,,,,,,,,Marne la Vallée,,,,,,,,,,,,,,,,,,,,,,,,,,,,,,,,,,,,,,,,,,,,,,,Durabilité des armatures et des Bétons sur le Long Terme,manque la note d'intention,,,,
ECOFLUX,,SERERO David,École nationale supérieure d’architecture Paris-Val de seine,,,,,,,,,,,,,,,,,,,,,,,EVCAU,,,,,,,,,,,,,,,,,,,,,,informatique - G5 27,Aménagement Urbanisme G4 24,,,,,,,,,,"LS1 Molécules de la vie : Mécanismes biologiques, structures et fonctions : Pour tous les organismes Biologie moléculaire, biochimie, biologie structurale, biophysique moléculaire, biologie de synthèse et chimique, conception de médicaments, méthodes innovantes et modélisation",,,,,,,,,,,,,,Paris Val de Seine,,,,,,,,,,,,,,,,,,,,,,,,,,,,,,,,,,,,,,,,,,,,,,,Flux écologiques - Des pratiques d’usagers à la conception informationnelle. Une immersion architecturale et urbaine générée pendant la transition éco,manque la note d'intention,,,,
ELDUC,,ROBICHET Antoine,Université Gustave Eiffel,,,,,,,,,,,,,,,,,,,,,,,CESIT,,,,,,,,,,,,,,,,,,,,,,Economie Gestion Management - G2 05 06,,,,,,,,,,,,Micro-Hub,ville durable,logitique urbaine,bâtiment innovant,Sustainability,,,,,,,,,,,,,,,,,,,,,,,,,,,,,,,,,,,,,,,,,,,,,,,,,La ville sobre et frugale,"La ville durable, santé et bien-être",,,,,,Espaces Logistiques pour la Distribution Urbaine de Colis au Service de la Ville Durable,,,,,
EnergiEx,,SAME Allou,Université Gustave Eiffel,Ecole Nationale des Ponts ParisTech,Université Paris Est Créteil,Cergy Paris Université,CNAM,Université de Rennes,,,,,,Est Ensemble Habitat,,,,,,,,,,,,GRETTIA,IMSE,ESYCOM,Lab'URBA,LATTS,CERTES,SATIE,CRTD,IETR,,,,,,,,,,,,,,"energétique, génie des procédé - G9 62",Informatique - G5 27,Aménagement Urbanisme G4 24,"Santé, médecine - Gxx 85 à 92",,,,,,,,,Changement climatique,épisodes extrêmes,Consommation d'énergie,confort individuel,Intérêt collectif,santé,Qualité de l'air intérieur,modèles intégrés,,,,,,Marne la Vallée,Paris,Rennes,,,,,,,,,,,,,,,,,,,,,,,,,,,,,,,,,,,,,,"La ville durable, santé et bien-être",Le changement climatique,La préservation de la biodiversité,La ville résiliente,La ville sobre et frugale,,,Modélisation unifiée de la dynamique de consommation énergétique de bâtiments en contexte de changement climatique incluant des épisodes extrêmes,,,,,
FaRe,,TRIC Emmanuel,Université Côte d'Azur,Université Côte d'Azur,Université d'Angers,Université d'Avignon,Université de Corte,,,,,,,EPA Vallée du Var - Nice - Ecovallée,Métropole Nice Côte d'Azur,Conseil départemental des Alpes Maritimes,Communauté d'Agglomération Cannes Pays de Lérins,Régie Eau d'Azur,Agence d'Urbanisme Azuréenne,Société Monégasque de l'Electricité et du Gaz,Siradel (Filiale ENGIE),Leroy Merlin,,,,GEOAZUR,ESPACEDEV,GREDEG,I3S,LEAT,Polytech'Lab,RETINES,TRANSITIONS,SicLab,,,,,,,,,,,,,,Géographie - G4 23,Economie Gestion Management - G2 05 06,"Energétique, génie des procédé - G9 62",informatique - G5 27,"Santé, médecine - Gxx 85 à 92",Sociologie Démographie - G4 19,"Science de l'éducation, sciences de l'information - G12 70 71 73 74",,,,,,Résilience urbaine,Bâtiment innovant,santé urbaine,risques,mobilité,Environnement,économie circulaire,,,,,,,Cote d'Azur,Anger,Avignon,Corte,Nice,Cannes,,,,,,,,,,,,,,,,,,,,,,,,,,,,,,,,,,,La ville résiliente,Le changement climatique,La préservation de la biodiversité,La ville sobre et frugale,"La ville durable, santé et bien-être",,,La Fabrique des Villes Résilientes,,,,,
Flex-Sens,,BOUANIS Fatima,Université Gustave Eiffel,Ecole Polytechnique,IMT Saint-Etienne,,,,,,,,,,,,,,,,,,,,,IMSE,MSME ,LPICM,,,,,,,,,,,,,,,,,,,,informatique - G5 27,"Génie électrique, électronique, système - G9 63","Génie Informatique, automatisme, traitement signal - G9 61",,,,,,,,,,Capteurs de gaz,Matériaux 2D,Objet flexible autonome,fonctionnalisation,Polluants,,,,,,,,,Marne la Vallée,Paris,Lyon Saint Etienne,,,,,,,,,LEONARD C.,YASSAR A.,RAMUZ M.,,,,,,,,,,,,,,,,,,,,,,,,,,,,,,,,,,"Capteurs de gaz flexibles à base des matériaux 2D fonctionnalisés pour la détection de polluants en milieu urbain (H2, COx, NOx) : étude théorique et",,,,,
ForVille,,PORTÉ Annabel,INRAE,Université de Bordeaux,INRAE,AgroParisTech,Université de Rennes,,,,,,,Bordeaux Métropole,,,,,,,,,,,,BIOGECO,ETTIS,ISPA,SILVA,UEVT,LETG,,,,,,,,,,,,,,,,,"biologie, biochimie, physiologie, écologie, neuroscience - G10  64 à 69",Géographie - G4 23,"Structure et évolution de la terre, enveloppe supérieure, fluide G8 35 36 37",,,,,,,,,Non renseigné,Forêt urbaine,santé végétale,risques biotiques et abiotiques,observation participative,réseau instrumentalisé,adaptation au changement climatique,,,,,,,,Bordeaux,Nancy,Antibes,Rennes,,,,,,,,CASTAGNEYROL Bastien,VILLALBA JC,TOÏGO Maude,BURLETT Régis,HAUDIDIER Baptiste,IRVINE Marc,DANGLES Christophe (Bordeaux Métropole),DURQUETY François (Bordeaux Métropole),,,,,,,,,,,,,,,,,,,,,,La ville résiliente,Le changement climatique,La préservation de la biodiversité,,,,,Accroître la santé de la FORêt urbaine pour accroître la résilience de la VILLE aux changements climatiques,,,,,
FUTURA,,CATRY Thibault,IRD,INRAE,,,,,,,,,,Agence d'urbanisme et de développement de la Guyane (AUDeG),Collectivité territoriale de Guyanne,Institut Pasteur de Guyane,Météo France Antilles Guyanne,CEREMA,,,,,,,,ESPACEDEV,TETIS,,,,,,,,,,,,,,,,,,,,,"Santé, médecine - Gxx 85 à 92",Géographie - G4 23,,,,,,,,,,,Morphologie urbaine,Arboviroses,risque d'exposition,télédétection,Opérationnel,Guyane,,,,,,,,Guyane,,,,,,,,,,,,,,,,,,,,,,,,,,,,,,,,,,,,,,,,"La ville durable, santé et bien-être",La ville résiliente,,,,,,Formes Urbaines par Télédétection en gUyane et Risques d’exposition aux Arboviroses,,,,,
GAIA-C ,,TOUGNE RODET Laure,Université Lumière Lyon 2,,,,,,,,,,,Bruitparif,Acoucité,,,,,,,,,,,LIRIS,CESP,Lab'URBA,,,,,,,,,,,,,,,,,,,,informatique - G5 27,"Santé, médecine - Gxx 85 à 92",Aménagement Urbanisme G4 24,,,,,,,,,,Intelligence Artificielle,Santé et Bien-être,inégalités,aménagement du territoire,épidémiologie,Géographie,Ville résiliente,Santé,Villes Durable,,,,,Lyon Saint Etienne,Marne La Vallée,Paris,,,,,,,,,,,,,,,,,,,,,,,,,,,,,,,,,,,,,,"La ville durable, santé et bien-être",La ville inclusive et équitable,,,,,,Intelligence artificielle multimodale générative pour ré-inventer la ville ,,,,,
Grid4Mobility,,RAZIK Hubert,Université Claude Bernard Lyon 1,Université Gustave Eiffel,,,,,,,,,,,,,,,,,,,,,,AMPERE,LICIT,,,,,,,,,,,,,,,,,,,,,informatique - G5 27,Milieux Matériaux - G6 28 29 30,"Génie électrique, électronique, système - G9 63",,,,,,,,,,Transition énergétique,gestion de l'énergie,approche systémique,Science ouverte,expérimentation mutualisée,,,,,,,,,Lyon Saint Etienne,,,,,,,,,,,PELISSIER Serge,,,,,,,,,,,,,,,,,,,,,,,,,,,,,La ville sobre et frugale,,,,,,,"Optimisation de l’énergie dans les réseaux intelligents incluant l’électromobilité, les bâtiments et les énergies renouvelables",,,,,
HeCtor,,BADINIER Thibault,Université Gustave Eiffel,,,,,,,,,,,,,,,,,,,,,,,SRO,,,,,,,,,,,,,,,,,,,,,,"mécanique, Génie Civil - G9 60",,,,,,,,,,,,Villes durables,Bâtiment innovant,résilience,Décarbonation,villes sobres et frugales,fabrique de la ville soutenable,Productivité de la ville soutenable,modélisation et simulation,rénovation,,,,,Marne la Vallée,,,,,,,,,,,,,,,,,,,,,,,,,,,,,,,,,,,,,,,,La ville sobre et frugale,Le changement climatique,La préservation de la biodiversité,La ville résiliente,,,,Chauffer et rafraichir la ville durable grâce aux fondations géothermiques,,,,,
HUT,,AIT HADDOU Hassan,École nationale supérieure d’architecture Paris-Val de seine,"Northumbria University Department of Architecture, Engineering and Construction","IDESP UA 11 (INSERM, Université de Montpellier)",,,,,,,,,CSTB,3M Montpellier Méditerranée Métropole,CHU Montpellier,,,,,,,,,,EVCAU,LIFAM,MRM,MRE,LICeM,LERASS,TETIS,IRIT,,,,,,,,,,,,,,,Architecture Arts - G4 18,Economie Gestion Management - G2 05 06,Géographie - G4 23,informatique - G5 27,,,,,,,,"PE11 Génie des matériaux : Développement de matériaux avancés : amélioration des performances, modélisation, préparation à grande échelle, modification, adaptation, optimisation, nouvelles applications des matériaux, utilisation combinée des matériaux, etc.",,,,,,,,,,,,,,Paris Val de Seine,Montpellier,Toulouse,Norhumbria (UK),,,,,,,,,,,,,,,,,,,,,,,,,,,,,,,,,,,,,"La ville durable, santé et bien-être",,,,,,,Habitat Urbain en Transition-HUT: Vers une exploration approfondie de l'utilisation des environnements connectés pour le bien-être et la ville durable,,,,,
Hybrid-Lab,,BOUYER Julien,CEREMA,Université de Toulouse 2 Jean-Jaurès,,,,,,,,,,,,,,,,,,,,,,TEAM,LISST,,,,,,,,,,,,,,,,,,,,,Géographie - G4 23,"structure et évolution de la terre, enveloppe supérieure, fluide G8 35 36 37",,,,,,,,,,"SH4 L'esprit humain et sa complexité : Sciences cognitives, psychologie, linguistique, philosophie théorique",Laboratoire nomade hors les murs,Participation multi-acteurs,Opération d'aménagement,transdisciplinarité,adaptation à la surchauffe urbaine,,,,,,,,,Nancy,Toulouse,,,,,,,,,,,,,,,,,,,,,,,,,,,,,,,,,,,,,,,,,,,,,,Laboratoire hybride des sciences urbaines,,,,,
IDEA,,CHENAF-NICET Dalila,Université de Bordeaux,,,,,,,,,,,,,,,,,,,,,,,LAREFI,BSE,ETTIS,LAP,,,,,,,,,,,,,,,,,,,Economie Gestion Management - G2 05 06,Aménagement Urbanisme G4 24,,,,,,,,,,,inclusion,inégalité,justice environnementale,citoyenneté,quartiers défavorisés,population jeune,résilience,,,,,,,Bordeaux,,,,,,,,,,,,,,,,,,,,,,,,,,,,,,,,,,,,,,,,La ville inclusive et équitable,La ville résiliente,,,,,,Quartiers innovants et actions environnementales,,,,,
inteGREEN,,KOTTHAUS-BOUSSAAD Simone,Ecole Polytechnique,Sorbonne Université,Ecole Nationale des Ponts ParisTech,INRAE,Institut Pasteur,Ecole Nationale Supérieure Mines,CNRS,,,,,,,,,,,,,,,,,LMD,LIMEEP-PS,SAD-APT,CIRED,CEARC,CREST,iEES,LSCE,LATMOS,METIS,CEREA,LISA,ECOSYS,CERI EE,,,,,,,,,Economie Gestion Management - G2 05 06,Aménagement Urbanisme G4 24,"Structure et évolution de la terre, enveloppe supérieure, fluide G8 35 36 37","Biologie, biochimie, physiologie, écologie, neuroscience - G10  64 à 69","Santé, médecine - Gxx 85 à 92",,,,,,,"LS2 Biologie intégrative : des gènes et des génomes aux systèmes : Pour tous les organismes Génétique, épigénétique, génomique et autres études "" omiques "", bioinformatique, biologie des systèmes, maladies génétiques, modification de gènes, méthodes et modélisation innovantes, "" omiques "" pour la médecine personnalisée",Villes résilientes,évaluation,ville durable,santé et bien-être,justice environnementale,biodiversité,eau en ville,,,,,,,Paris,Lille,,,,,,,,,,TOUILI Nabil,VIGUIE Vincent,DA CUNHA Charlotte,CRIFO Patricia,LEYMARIE Juliette,PUGA FREITAS Ruben,SARDA ESTEVE Roland,BASTIN Sophie,VILTARD Nicolas,OUDIN Ludovic,HAEFFELIN Martial,DUPONT Jean-Charles,RIBAUD Jean-François,SARTELET Karine,LUGON Lya,FORET Gilles,VIATTE Camille,SAKUNTABHAI Anavaj,PAUL Richard,DELARUE Frédéric,QUENEA Katell,RAMONET Michel,LOUBET Benjamin,STELLA Patrick,PERSONNE Erwan,SALAMEH Thérèse,ROMANIAS Emmanouil,,,La ville résiliente,"La ville durable, santé et bien-être",,,,,,Services urbains intégrés à partir de stratégies de végétalisation pour améliorer la résilience des villes,,,,,
Isomat,,BUDTOVA Tatiana,Mines Paris,,,,,,,,,,,,,,,,,,,,,,,CEMEF,PERSEE,,,,,,,,,,,,,,,,,,,,,Chimie - G7 31 32 33,Milieux Matériaux - G6 28 29 30,"Structure et évolution de la terre, enveloppe supérieure, fluide G8 35 36 37",,,,,,,,,,Isolation thermique,super-isolation thermique,Polymères biosourcés,fonctionnalisation,modélisation,durabilité,,,,,,,,Sophia Antipolis,,,,,,,,,,,,,,,,,,,,,,,,,,,,,,,,,,,,,,,,La ville sobre et frugale,"La ville durable, santé et bien-être",,,,,,Matériaux biosourcés hybrides et composites pour l’isolation et la super-isolation thermique,,,,,
LAVEC,,CARRIER Marion,CNRS,IMT Mines Albi,,,,,,,,,0,CSTB,Centre d'Accueil Permanent de Saint Front,Collectif EDStar,Meso-Star (Scop),Tactikollectif,,,,,,,,RAPSODEE,LMD,LAPLACE,EFTS,CNRM,LLA-CREATIS,,,,,,,,,,,,,,,,,informatique - G5 27,"structure et évolution de la terre, enveloppe supérieure, fluide G8 35 36 37","Biologie, biochimie, physiologie, écologie, neuroscience - G10  64 à 69","Science de l'éducation, sciences de l'information - G12 70 71 73 74",,,,,,,,"PE1 Mathématiques : Tous les domaines des mathématiques, pures et appliquées, plus les fondements mathématiques des sciences informatiques, la physique mathématique et les statistiques",Changement climatique,Villes sobres et frugales,Modélisation et simulation,Décarbonation,atténuation,inclusion,construction,ingéniérie,rénovation,passage à l'échelle,,,,Albi,Toulouse,Paris,,,,,,,,,HOUDIN Frédéric,,,,,,,,,,,,,,,,,,,,,,,,,,,,,Le changement climatique,la préservation de la biodiversité,La ville sobre et frugale,,,,,LA Ville En Chemins,,,,,
MIRAGES,,POULHÉS Alexis,Ecole Nationale des Ponts ParisTech,Ecole Nationale des Ponts ParisTech,,,,,,,,,,CSTB,EFFICACITY,,,,,,,,,,,LVMT,,,,,,,,,,,,,,,,,,,,,,informatique - G5 27,Aménagement Urbanisme G4 24,,,,,,,,,,"PE9 Sciences de l'Univers : Astro-physique/-chimie/-biologie; système solaire; systèmes planétaires; astronomie stellaire, galactique et extragalactique, cosmologie, sciences de l'espace, instrumentation et données astronomiques",,,,,,,,,,,,,,Marne la Vallée,,,,,,,,,,,COLOMBERT Morgane,,,,,,,,,,,,,,,,,,,,,,,,,,,,,,,,,,,,"Mesurer l'Innovation environnementale des projets uRbains, une Approche par les usaGES",,,,,
NEO,,RODRIGUEZ Fabrice,Université Gustave Eiffel,Université Rennes 2,,,,,,,,,,Direction de l'innovation du SIAAP,OTHU - Observatoire,OSU Val de Loire - Observatoire,ZA armorique,OSU-OREME - observatoire,ONERA DOTA,,,,,,,LEE,LHEEA,LPG,BRGM (Pays de Loire),BPE,LEESU,LAMA,DEEP,RIVERLY,LEHNA,CETHIL,BGS,ThéMA,ISTO,LSE,LIEC,LETG,SAS,ECOBIO ,HSM,LIVE,ICube,"biologie, biochimie, physiologie, écologie, neuroscience - G10  64 à 69",Chimie - G7 31 32 33,"Energétique, génie des procédé - G9 62","Mécanique, Génie Civil - G9 60",mathématique - G5 25 26,Informatique - G5 27,"Structure et évolution de la terre, enveloppe supérieure, fluide G8 35 36 37",Aménagement Urbanisme G4 24,géographie - G4 23,,,,Villes durables,Urbanisation,changement climatique,observation intégrée,zone critique,bancarisation,réseau d'acteur,,,,,,,Nantes,Ile de France,Lyon Saint Etienne,Dijon,Orléans,Nancy,Rennes,Montpellier,Strasbourg,Toulouse,,NABUCET Jean,,,,,,,,,,,,,,,,,,,,,,,,,,,,,La ville résiliente,Le changement climatique,La préservation de la biodiversité,,,,,Nouvel observatoire intégré de l'environnement pour la transition urbaine,,,,,
NEXTARK,,LEMIRE Vincent,Université Gustave Eiffel,,,,,,,,,,,Limonade & Co,,,,,,,,,,,,ACP,,,,,,,,,,,,,,,,,,,,,,Géographie - G4 23,Histoire - Archéologie - G4 21 22,,,,,,,,,,,Citizen learning,Smart Digital Tool,Memory of risk,Long lasting and sustainabilité city,Decision support,,,,,,,,,Marne la Vallée,,,,,,,,,,,,,,,,,,,,,,,,,,,,,,,,,,,,,,,,La ville inclusive et équitable,"Les défis émergents, signaux faibles, nouvelles difficultés",,,,,,"Next Smart and Collaborative Tool for Accessing, Collecting and Sharing City Archives and Environmental urban Knowledge",,,,,
OASIS,,MONIN Sébastien,CEA,Ecole Nationale Supérieure d'Architecture de Grenoble,Université de Grenoble Alpes,Université Savoie Mont-Blanc,,,0,0,0,0,0,Serge Ferrari Group SA,Grenoble Alpes Métropole,Métropole de Lyon,,,,,,,,,,LIST,LOCIE,EVS,PACTE,,,,,,,,,,,,,,,,,,,"energétique, génie des procédé - G9 62","Mécanique, Génie Civil - G9 60",Géographie - G4 23,Aménagement Urbanisme G4 24,,,,,,,,"SH2 Institutions, gouvernance et systèmes juridiques : Sciences politiques, relations internationales, droit",ICU,IFU,Ombrage artificiel,contexte territorial,confort thermique,Microclimat urbain,ilot de vie,conception avancée,expérimentation,,,,,Grenoble,Chambery,Lyon Saint Etienne,,,,,,,,,MARIN Philippe,,,,,,,,,,,,,,,,,,,,,,,,,,,,,Le changement climatique,la préservation de la biodiversité,La ville résiliente,La ville sobre et frugale,La ville inclusive et équitable,"La ville durable, santé et bien-être",,Ombrage Artificiel Située et Irradiation Solaire,,,,,
ODISSe,,BADINIER Thibault,Université Gustave Eiffel,,,,,,,,,,,,,,,,,,,,,,,SRO,,,,,,,,,,,,,,,,,,,,,,"structure et évolution de la terre, enveloppe supérieure, fluide G8 35 36 37","Mécanique, Génie Civil - G9 60",,,,,,,,,,,Villes durables,Bâtiment innovant,Sobriété,décarbonation,villes sobres et frugales,Fabrique de la ville soutenable,Productivité de la ville soutenable,construction,ingénierie,,,,,Marne la Vallée,,,,,,,,,,,,,,,,,,,,,,,,,,,,,,,,,,,,,,,,La ville résiliente,La ville sobre et frugale,Le changement climatique,La préservation de la Biodiversité,,,,Optimisation et Inovation des systèmes de fondations pour une ville durable,,,,,
OPTIMA,,LIU Yao,Université Gustave Eiffel,IMT Nord Europe,,,,,,,,,,,,,,,,,,,,,,EASE,LEE,IRCE,LPCA,,,,,,,,,,,,,,,,,,,"structure et évolution de la terre, enveloppe supérieure, fluide G8 35 36 37",Chimie - G7 31 32 33,,,,,,,,,,,Facteur d'émission,composées organiques,métaux,carbone-suie,particules primaires et secondaires,morphologie,trafic,hors échappement,impact,santé,,,,Marne la Vallée,Lyon Saint Etienne,Dunkerque,Lille,,,,,,,,VANSEVENANT Boris,,,,,,,,,,,,,,,,,,,,,,,,,,,,,La ville résiliente,"La ville durable, santé et bien-être",,,,,,Pollutions primaires et secondaires du trafic routier et leur impact sur la santé,,,,,
PEREN-FLORE,,JOSSELIN Didier,CNRS,,,,,,,,,,,Jeune Entreprise Innovante ECOSUD/CERES-FLORE,Ville d'Avignon,Ville de Lyon,,,,,,,,,,ESPACE,LIRIS,AAU,EMMAH,IES,PIAF,,,,,,,,,,,,,,,,,Géographie - G4 23,Informatique - G5 27,Architecture Arts - G4 18,"Biologie, biochimie, physiologie, écologie, neuroscience - G10  64 à 69","Génie électrique, électronique, système - G9 63",,,,,,,"PE4 Chimie physique et analytique : Chimie analytique, théorie chimique, chimie physique/physico-chimie",Adaptation des végétaux,Modélisation géomatique,équité socio-spatiale,densité,mobilité urbaine,mesure et estimation des conditions climatiques locales,micro-écosystèmes,Observatoire de la revégétalisation,,,,,,Avignon,Lyon Saint Etienne,Nantes,Montpellier,Clermont Ferrand,,,,,,,,,,,,,,,,,,,,,,,,,,,,,,,,,,,,La ville résiliente,Le changement climatique,La ville inclusive et équitable,"La ville durable, santé et bien-être",,,,De la végétation pour une ville résiliente,,,,,
Prospect-Villes,,THOYER Sophie,INRAE,,,,,,,,,,,ADEME,,,,,,,,,,,,CEE-M,LBE,FARE,CSUN,CEREMA,,,,,,,,,,,,,,,,,,"biologie, biochimie, physiologie, écologie, neuroscience - G10  64 à 69",Economie Gestion Management - G2 05 06,mathématique - G5 25 26,,,,,,,,,,Prospective,Bioressources,Biodéchets,Agromatériaux,Agriculture urbaine,Services fondés sur la nature,Circularité,territoires urbains,,,,,,Montpellier,Reims,Chicago,,,,,,,,,STEYER Jean-Philippe,MORA Olivier,KUREK Bernard,DERRIBLE Sybil,,,,,,,,,,,,,,,,,,,,,,,,,,"La ville durable, santé et bien-être",La ville sobre et frugale,"Les défis émergents, signaux faibles, nouvelles difficultés",,,,,Prospective sur la place des bioressources dans les villes à l’horizon 2050,,,,,
RaaS_FPA,,BHOURI Neila,Université Gustave Eiffel,CEREMA,,,,,,,,,,Marne La Vallée,,,,,,,,,,,,GRETTIA,LASTIG,LIGM,DAVID,,,,,,,,,,,,,,,,,,,informatique - G5 27,Géographie - G4 23,,,,,,,,,,,RaaS,MaaS,Multimodal Transportation,Mode coopération,Autonomous,Public transport,Goods,Last mile,,,,,,,,,,,,,,,,,,,,,,,,,,,,,,,,,,,,,,,,,,,,,,La ville résiliente,Le changement climatique,La préservation de la biodiversité,La ville inclusive et équitable,,,,Cooperation des transports de marchandises et de passagers pour offrir la résilience en tant que Service,,,,,
REGENERATIV,,MENEZO Christophe,Université de Savoie Mont-Blanc,Université Grenoble Alpes,CEA,CEREMA,INRIA,CEREMA,CEA,Université de Bretagne Occidentale,0,0,0,CSTB-Direction énergie environnement et climatologie-aérodynamique-aéraulique,ENGIE,SPL Terrinnov,Pays de Gex Agglo,TENERRDIS,,,,,,,,LOCIE,LAMA,IREGE,G2ELab,GAEL,PACTE,BPE,CEA-LITEN,Lab-STICC,,,,,,,,,,,,,,"energétique, génie des procédé - G9 62",mathématique - G5 25 26,Informatique - G5 27,Economie Gestion Management - G2 05 06,"Génie électrique, électronique, système - G9 63",Sociologie Démographie - G4 19,Architecture Arts - G4 18,"Structure et évolution de la terre, enveloppe supérieure, fluide G8 35 36 37",,,,,Sobriété urbaine,Aménagement,programmation,densification,Micro-climat,Réseaux de 5ème génération,Énergies renouvelables,,,,,,,Savoie,Grenoble,Bretagne,,,,,,,,,,,,,,,,,,,,,,,,,,,,,,,,,,,,,,La ville résiliente,La ville sobre et frugale,La ville inclusive et équitable,"La ville durable, santé et bien-être","Les défis émergents, signaux faibles, nouvelles difficultés",,,Villes régénératrices face aux évolutions climatiques et à la dépendance énergétique,,,,,
REHABILITER ,,HALBERT Ludovic,CNRS,,,,,,,,,,,,,,,,,,,,,,,LATTS,Lab'URBA,,,,,,,,,,,,,,,,,,,,,Géographie - G4 23,Aménagement Urbanisme G4 24,,,,,,,,,,"PE5 Chimie de synthèse et matériaux : Nouveaux matériaux et nouvelles approches de synthèse, relations structure-propriétés, chimie de l'état solide, architecture moléculaire, chimie organique",Réhabilitation,Passage à l'échelle,territoires/territorialisation,Ville sobre frugale,Inégalités sociales,action publique,,,,,,,,Marne la Vallée,,,,,,,,,,,,,,,,,,,,,,,,,,,,,,,,,,,,,,,,La ville sobre et frugale,Le changement climatique,La préservation de la biodiversité,La ville inclusive et équitable,,,,"REcherche sur l’Hétérogénité de l’Adaptation des Bâtiments : Indicateurs, LImites et Impacts dans les TERritoires",,,,,
RENO-ICU,,SCHOEMAECKER Coralie,Université de Lille,IMT Nord Europe,Université de Technologie de Compiègne,Université du Littoral Côte d'Opale,Université de Picardie Jules Verne,Université de Lorraine,,,,,,,,,,,,,,,,,,PC2A,LOA,TVES,LERMAB,AVENUES,LPCA,LTI,CERI EE,LASIRe,,,,,,,,,,,,,,"structure et évolution de la terre, enveloppe supérieure, fluide G8 35 36 37",Géographie - G4 23,Milieux Matériaux - G6 28 29 30,Aménagement Urbanisme G4 24,"Biologie, biochimie, physiologie, écologie, neuroscience - G10  64 à 69",,,,,,,,Ilots de chaleur urbain,rénovation,évaluation,implication citoyenne,exposition d'occupants,qualité des environnements intérieurs,changement climatique,bien-être,confort thermique,,,,,Lille,Dunkerque,Lorraine,Picardie,compiègne,,,,,,,,,,,,,,,,,,,,,,,,,,,,,,,,,,,,La ville résiliente,Le changement climatique,La ville sobre et frugale,,,,,La rénovation de bâtiments collectifs comme levier de réduction des îlots de chaleur urbain,,,,,
REQUAL,,BARBOT Michela,CNRS,École normale supérieure Paris-Saclay,Ecole Nationale Supérieure d'Archteicture de Paris-Belleville,Université de Mons,Université McGill Montréal,"Grande Sasso Science Institute de l'Aquila, Italie",,,,,,Cabinet d'Architecture Engasser (Paris),,,,,,,,,,,,IDHE.S,AUSser,ISP,,,,,,,,,,,,,,,,,,,,Economie Gestion Management - G2 05 06,sociologie Démographie - G4 19,Architecture Arts - G4 18,Droit - G1 01 02 03,"Structure et évolution de la terre, enveloppe supérieure, fluide G8 35 36 37","mécanique, Génie Civil - G9 60",,,,,,SH6 L'étude du passé humain : Archéologie et histoire,,,,,,,,,,,,,,Paris Saclay,Paris,Mons (Belgique),Monréal (Canada),Italie,,,,,,,BENITES-GAMBIRAZIO Eliza,MORELLI Roberta,BESSY Christian,CORNU Marie,WAGENER Noé,MONTABERT Arnaud,KASRI Sarra,EMERICH Yaël,,,,,,,,,,,,,,,,,,,,,,La ville résiliente,La ville sobre et frugale,"La ville durable, santé et bien-être","Les défis émergents, signaux faibles, nouvelles difficultés",,,,Réqualifier la ville. L'habitat et le patrimoine au prisme de leur réqualification,,,,,
RESILIENCE,,D'ANNA Barbara,CNRS,IMT Nord Europe,Université de Lille,Université Gustave Eiffel,Ecole Nationale des Ponts ParisTech,Université du Littoral Côte d'Opale,,,,,,AASQA,Atmo Du,Atmo Hauts de France,Métropole Européenne de Lille,Aix Marseille Métropole,Ville de Marseille,Ville de Lille,Agence de Développement et d'urbanisme de Lille Métropole (ADULM),,,,,LCE,CERI EE,IUSTI,LMA,IMBE,LOA,LGCgE,CEREA,TVES,,,,,,,,,,,,,,Chimie - G7 31 32 33,"energétique, génie des procédé - G9 62","Biologie, biochimie, physiologie, écologie, neuroscience - G10  64 à 69","Structure et évolution de la terre, enveloppe supérieure, fluide G8 35 36 37",Géographie - G4 23,,,,,,,"PE2 Constituants fondamentaux de la matière : Physique des particules, nucléaire, des plasmas, atomique, moléculaire, des gaz et optique",Santé environnementale et humaine,bien être,rénovation bâtiment,biodiversité,végétalisation,îlots de chaleur,GES,pollutions,mobilité durable,,,,,Aix Marseille,Lille,Paris,Dunkerque,Salon de Provence,,,,,,,,,,,,,,,,,,,,,,,,,,,,,,,,,,,,"La ville durable, santé et bien-être",Le changement climatique,La préservation de la biodiversité,,,,,Robuste Evaluation de Solutions pour limiter les Impacts LIés aux ÉvolutioNs du Climat sur les Écocités,,,,,
ResIsTer,,GARNIER Philippe,ENSAG,Université de Grenoble Alpes,Université de la Nouvelle Calédonie,Université de la Réunion,Université des Caraïbes,Ecole Nationale Supérieure d'Architecture de Paris Belleville,IRD,,,,,Association Française de Prévention des Catastrophes Naturelles et Technologiques,BRGM,,,,,,,,,,,CRAterre,PACTE,ISTerre,3SR,CERAG,LIG,LGP,TROCA,,,,,,,,,,,,,,,milieux Matériaux - G6 28 29 30,"Mécanique, Génie Civil - G9 60",Géographie - G4 23,,,,,,,,,"LS5 Neurosciences et troubles du système nerveux : Développement, homéostasie et vieillissement du système nerveux, fonctionnement et dysfonctionnement du système nerveux, neurosciences des systèmes et modélisation, bases biologiques des processus cognitifs et du comportement, troubles neurologiques et mentaux",Insularité et outremers,vulnérabilité et résilience,Etablissements humains,cultures constructiveset culture du risque,changement climatique,solutions fondées sur la nature et la culture,contextualisation,localisation,aléas et risque hydrométéorologique et géophysique,Réduction des risques de catastrophe,,,,Grenoble,Nouvelle Calédonie,La Réunion,Caraïbes,Paris,,,,,,,,,,,,,,,,,,,,,,,,,,,,,,,,,,,,La ville résiliente,Le changement climatique,,,,,,"Territoires, villes et habitats insulaires résilients dans un contexte de changement climatique et de risques naturels",,,,,
S2C2T,,ROSPARS Claude,Université Gustave Eiffel,,,,,,,,,,,,,,,,,,,,,,,IMSE,PICS-L,LASTIG,MSME ,LIGM,Lab'URBA,,,,,,,,,,,,,,,,,informatique - G5 27,"Mécanique, Génie Civil - G9 60",,,,,,,,,,,Jumeaux Numériques Urbains,IoT,indicateurs,ACV,,,,,,,,,,Marne la Vallée,,,,,,,,,,,RACHEDI Abderrazak,,,,,,,,,,,,,,,,,,,,,,,,,,,,,La ville sobre et frugale,La ville résiliente,,,,,,Sustainable Smart and Circular City Twin,,,,,
SAGA-Cité,,SALIZZONI Pietro,Ecole Centrale de Lyon,Université Lumière Lyon 2,Université de Rennes,Centre Léo Berard,INRAE,INRIA,INSERM,INSA-Lyon,,,,CERFACS,IRSN,CEA-DAM,INERIS,Météo France,EDF,TOTAL,SUEZ,,,,,LMFA,LIRIS,CITI,PIAF,EVS,,,,,,,,,,,,,,,,,,"mécanique, Génie Civil - G9 60",Informatique - G5 27,"Structure et évolution de la terre, enveloppe supérieure, fluide G8 35 36 37","Santé, médecine - Gxx 85 à 92",Psychologie Ergonomie - G4 16,,,,,,,"PE6 Sciences informatiques et informatique : Systèmes informatiques et d'information, sciences informatiques, calcul scientifique, systèmes intelligents",Ville durable santé bien-être,Modélisation simulation,transition,justice environnementale,changement climatique,préservation de la biodiversité,pollution atmosphérique,,,,,,,Lyon Saint Etienne,Rennes,,,,,,,,,,,,,,,,,,,,,,,,,,,,,,,,,,,,,,,"La ville durable, santé et bien-être",Le changement climatique,La ville résiliente,,,,,Simulateur Atmosphérique des Grandes Agglomérations,,,,,
SBBAM,,DUJARDIN Nicolas,Université Paris Est Créteil,Univeristé Paris Cité,,,,,,,,,,,,,,,,,,,,,,CERTES,LIED,,,,,,,,,,,,,,,,,,,,,"energétique, génie des procédé - G9 62",,,,,,,,,,,,Ville sobre et frugale,une fabrique et une productivité soutenable pour la ville,Villes inclusives et équitables,construction,habitants,vivre ensemble,,,,,,,,Créteil,,,,,,,,,,,,,,,,,,,,,,,,,,,,,,,,,,,,,,,,La ville sobre et frugale,La ville inclusive et équitable,,,,,,Vers des matériaux de construction biosourcés,,,,,
SENSU,,ZEPF Marcus,Ecole d'urbanisme de Paris Université Paris Est Créteil,Université Paris Est Créteil,,,,,,,,,,,,,,,,,,,,,,Lab'URBA,LISA,IMRB,CEPIA,LIRTES,,,,,,,,,,,,,,,,,,Aménagement Urbanisme G4 24,Informatique - G5 27,Géographie - G4 23,Sociologie Démographie - G4 19,"Santé, médecine - Gxx 85 à 92",,,,,,,"PE8 Ingénierie des produits et des procédés : Conception de produits et de processus, génie chimique, génie civil, ingénierie environnementale, génie mécanique, ingénierie automobile, processus énergétiques et les méthodes de calcul correspondantes",Déterminants de santé,Santé urbaine,systèmes urbains,inégalités de santé,enjeux territoriaux de santé,approche holistique,,,,,,,,Créteil,,,,,,,,,,,COLL Isabelle,HACHI Ryma,MONVOISIN Manon,FOLLIET François,CHARREIRE Hélène,BARON Myriam,SCHUROFF Franck,SZOKE Andrei,OUBAYA Nadia,ARGOUD Dominique,,,,,,,,,,,,,,,,,,,,"La ville durable, santé et bien-être",La ville inclusive et équitable,,,,,,Surveillance des ENjeux de Santé Urbaine - Impact des Facteurs Sociaux et Environnementaux sur la Santé Urbaine.,,,,,
SOLAR,,BECHET Béatrice,Université Gustave Eiffel,CEREMA,,,,,,,,,,,,,,,,,,,,,,LEE,TEAM,,,,,,,,,,,,,,,,,,,,,,,,,,,,,,,,,Santé des Sols,Services écosystémiques,artificialisation,nature en ville,biodiversité,infiltration des eaux pluviales,agriculture urbaine,désimperméabilisation,aménagement,science citoyenne,,,,,,,,,,,,,,,BRANCHU Philippe,,,,,,,,,,,,,,,,,,,,,,,,,,,,,La ville résiliente,Le changement climatique,La ville sobre et frugale,La ville inclusive et équitable,"La ville durable, santé et bien-être",,,La place et l'usage des sols dans l'aménagement urbain pour une ville plus durable et résiliente,,,,,
SPACE2050,,L'HOSTIS Alain,Université Gustave Eiffel,,,,,,,,,,,Efficacity,,,,,,,,,,,,LVMT,LAGAM,BSE,MATRIS,LAET,LGI,CES,AVENUES,,,,,,,,,,,,,,,Géographie - G4 23,Aménagement Urbanisme G4 24,Economie Gestion Management - G2 05 06,"Energétique, génie des procédé - G9 62",,,,,,,,,planification écologique,Plans climat,Ville bas carbone,atténuation,transition énergétique,modélisation,simulation,évaluation,collectivité territoriales,outils d'aide à la décision,,,,Marne la Vallée,Montpellier,Bordeaux,Lyon Saint Etienne,Paris,Compiègne,,,,,,,,,,,,,,,,,,,,,,,,,,,,,,,,,,,Le changement climatique,la préservation de la biodiversité,La ville résiliente,"La ville durable, santé et bien-être",,,,"SPACE2050 -- Pour une approche Systémique de la Planification bAs Carbone des tErritoires : scénarios, actions et évaluations",,,,,
SUBI,,DAHAN Kevin,Université Gustave Eiffel,,,,,,,,,,,,,,,,,,,,,,,LISAA,,,,,,,,,,,,,,,,,,,,,,,,,,,,,,,,,,,,,,,,,,,,,,,,,,,,,,,,,,,,,,,,,,,,,,,,,,,,,,,,,,,,,,,"Les défis émergents, signaux faibles, nouvelles difficulté","La ville durable, santé et bien-être",,,,,,Sonore Urbain et Biodiversité Innovante,,,,,
SYMBIOTIC,,DEIMER Arnaud,Université Clermont Auvergne,IMT Nord Europe,,,,,,,,,,Pôle de Compétitivité TEAM 2,Ville de Lille,Communauté d'Agglomération Lens-Liévin (CALL),Polénergie,Métropole européenne de Lille,Clermont-Métropole,Issoire Agglomération,,,,,,CERDI,CERI EE,ESPACEDEV,ISIGE,ESPI2R,,,,,,,,,,,,,,,,,,"biologie, biochimie, physiologie, écologie, neuroscience - G10  64 à 69",Informatique - G5 27,Géographie - G4 23,Economie Gestion Management - G2 05 06,milieux Matériaux - G6 28 29 30,,,,,,,,Symbiose urbaine et industrielle du bâti,impacts environnementaux et biodiversité en milieu urbain,Modélisation de systèmes complexes,qualification d'un territoire pour la filière du bâti,Espaces urbains délaissés,biodiversité,climat,complexité,impacts,industries,Modélisation,Systèmes,Urbanisme,Clermont Ferrand,Lens-Liévin,Lille,Issoire,,,,,,,,LEMELIN Emmanuel,,,,,,,,,,,,,,,,,,,,,,,,,,,,,La ville sobre et frugale,Le changement climatique,La préservation de la biodiversité,"La ville durable, santé et bien-être",,,,Contribution à l’estimation des impacts de l’implémentation de la SYMBIOse urbaine et indusTrielle (SUI) sur des territoIres FranCais de typologie (Ur,,,,,
TECTOO,,ZERGUINI Seghir,Université de Bordeaux,Université de Liille,Université de Poitiers,Université de Limoge,,,,,,,,,,,,,,,,,,,,BSE,PASSAGES,IMS,LEM,TVES,XLIM,,,,,,,,,,,,,,,,,milieux Matériaux - G6 28 29 30,Economie Gestion Management - G2 05 06,Géographie - G4 23,informatique - G5 27,"Génie Informatique, automatisme, traitement signal - G9 61",Aménagement Urbanisme G4 24,,,,,,,Villes durables,Urbanisation généralisée,Villes inclusives et équitables,Modélisation et simulation,Formes des villes et résilience,,,,,,,,,Bordeaux,Lille,Limoge,Poitiers,,,,,,,,,,,,,,,,,,,,,,,,,,,,,,,,,,,,,"La ville durable, santé et bien-être",La ville résiliente,La ville sobre et frugale,La ville inclusive et équitable,,,,La transition écologique dans les territoires : prospective et aide à la décision par une approche systémique et multiscalaire,,,,,
TEHEDI,,BERNARD Fiona,Université de la Réunion,IRD,Université de Toulon,Université de Guyane,"School of sustainable Development and tourism & Doctoral School of The University of Technology, Mauritius",,,,,,,Association des Maires de la Réunion,CIVIS (EPCI île de la Réunion),Conseil Départemental,,,,,,,,,,PIMENT,LEAD,MINEA,,,,,,,,,,,,,,,,,,,,"mécanique, Génie Civil - G9 60",Economie Gestion Management - G2 05 06,sociologie Démographie - G4 19,"Science de l'éducation, sciences de l'information - G12 70 71 73 74",,,,,,,,,Transition énergétique,inégalités,politiques publiques,évaluation,Développement territorial,milieu tropical,insularité,,,,,,,Réunion,Toulon,Guyane,ile Maurice,,,,,,,,,,,,,,,,,,,,,,,,,,,,,,,,,,,,,La ville inclusive et équitable,La ville résiliente,,,,,,"Transition Énergétique, Habitat, Enjeux de Développement et Inégalités",,,,,
THERMOS,,DUPPORT Nicolas,UniLaSalle Amiens,,,,,,,,,,,Amiens Métropole,,,,,,,,,,,,SYMADE,AVENUES,LMDC,,,,,,,,,,,,,,,,,,,,informatique - G5 27,"Mécanique, Génie Civil - G9 60",,,,,,,,,,,Villes durables,efficacité énergétique,modélisation urbaine,maquette numérique 3D,simulation énergétique,collecte de données,optimisation énergétique,stratégies bas carbone,,,,,,Amiens,Compiègne,Toulouse,,,,,,,,,,,,,,,,,,,,,,,,,,,,,,,,,,,,,,La ville résiliente,La ville sobre et frugale,,,,,,Comportement THERMique urbain Optimisé par Simulation (vers le jumeau numérique énergétique urbain),,,,,
TRIPODE,,RAIBAUDO Cédric,Université d'Orléans,,,,,,,,,,,,,,,,,,,,,,,PRISME,,,,,,,,,,,,,,,,,,,,,,"mécanique, Génie Civil - G9 60","energétique, génie des procédé - G9 62",,,,,,,,,,,Eolien,impact positif,environemental,aérodynamique,énergétique,,,,,,,,,Orléans,,,,,,,,,,,,,,,,,,,,,,,,,,,,,,,,,,,,,,,,La ville sobre et frugale,La ville résiliente,,,,,,Énergétique par l'éolien pour des bâtiments à impact positif,,,,,
TwinCityZen,,RACHEDI Abderrzak,Université Gustave Eiffel,EIVP,,,,,,,,,,CERIA,SIRADEL-ENGIE,,,,,,,,,,,LIGM,LASTIG,PICS-L,GRETTIA,IMSE,MSME ,ESYCOM,DAVID,,,,,,,,,,,,,,,informatique - G5 27,,,,,,,,,,,,Jumeau Numérique Urbain (CIM/BIM),IoT,IA,Qualité des données,Qualité environnement,Pollution de l'air,Nuisances sonores,Santé,Aide à la décision,,,,,Marne la Vallée,,,,,,,,,,,CHACHOUA Mohamed,,,,,,,,,,,,,,,,,,,,,,,,,,,,,"La ville durable, santé et bien-être",La ville résiliente,La ville inclusive et équitable,,,,,Jumeau numérique intelligent au service de la qualité de l'environnement urbain en contexte indoor et outdoor ,,,,,
ULL - Montpellier,,PERRIN Jean-Louis,Université de Montpellier,,,,,,,,,,,Centre international de l'UNESCO ICIREWARD,Pôle Aqua Valley et Société Calypso,Hopital de Montpellier,,,,,,,,,,HSM,CEFE,ISEM,OSU-OREME,Obsrvatoire de Recherche Montpelliérain de l'Environnement,OHM Littoral Méditerranéen,OBSERVIL système national d'observation,,,,,,,,,,,,,,,,"biologie, biochimie, physiologie, écologie, neuroscience - G10  64 à 69","Mécanique, Génie Civil - G9 60","Santé, médecine - Gxx 85 à 92",,,,,,,,,,Hydro-systèmes,observatoires,transdiciplinarité,co-construction,pluies,crues,inondations,contaminants,,,,,,Montpellier,,,,,,,,,,,,,,,,,,,,,,,,,,,,,,,,,,,,,,,,La ville résiliente,Le changement climatique,"La ville durable, santé et bien-être",,,,,Urban Living Labs Université (Campus Triolet) et Hôpital (Lapeyronie) de Montpellier Rapports environnementaux et sociaux avec leurs hydro-systèmes,,,,,
Umrestte,,VERNET Céline,Université Gustave Eiffel,,,,,,,,,,,,,,,,,,,,,,,ESTTE,,,,,,,,,,,,,,,,,,,,,,"Santé, médecine - Gxx 85 à 92",,,,,,,,,,,,,,,,,,,,,,,,,Lyon Saint Etienne,,,,,,,,,,,GADGEBEKU Blandine,,,,,,,,,,,,,,,,,,,,,,,,,,,,,"La ville durable, santé et bien-être",La ville inclusive et équitable,,,,,,UMRESTTE,,,,,
UNIR,,FUMO Angelo,Université Gustave Eiffel,ENS-Lyon,Université Claude Bernard Lyon 1,Université Gustave Eiffel,SKEMA Business school,INSA-Lyon,Université de la Rochelle,Université Grenoble Alpes,Université de Paris Est Créteil,,,,,,,,,,,,,,,LICIT,LPENSL,LIRIS,PROMES,CITI,,Lab'URBA,G2ELab,L3i,GERS,LVMT,LATTS,LAET,,,,,,,,,,Informatique - G5 27,Aménagement Urbanisme G4 24,Economie Gestion Management - G2 05 06,"Mécanique, Génie Civil - G9 60",,,,,,,,,Urban Resilience,Technical Networks,Resilience Modeling,Joint Vulnerabilities,Sustainable Resilience-oriented Decision-Making,,,,,,,,,Lyon Saint Etienne,La Rochelle,Grenoble,Nantes,Perpignan,Créteil,,,,,,EL FAOUZI Nour-Eddin,BORGNAT Pierre,ROUX Stéphane,CAZABET Rémy,REY David,AUSSEL Didier,SOLNON Christine,DIAB Youssef,VUILLET Marc,DER SARKISSIAN Rita,RETIERE Nicolas,GHAMRI-DOUDANE Mohamed Yacine,GUILLAUME Jean-Loup,GAUME Eric,PAYRASTRE Olivier,COULOMBEL Olivier,COUTARD Olivier,MANOUT Ouassim,,,,,,,,,,,,La ville résiliente,Le changement climatique,,,,,,Résilience Intégrée des Réseaux Urbains,,,,,
UrbaRisqBio,,GALIA Wessam,VETAGRO-SUP,,,,,,,,,,,Environnement Science France,,,,,,,,,,,,EM,CBGP,EVS,RS2GP,LEESU,ISA,,,,,,,,,,,,,,,,,"biologie, biochimie, physiologie, écologie, neuroscience - G10  64 à 69",Géographie - G4 23,"mécanique, Génie Civil - G9 60",Chimie - G7 31 32 33,,,,,,,,,,,,,,,,,,,,,,Lyon Saint Etienne,Montpellier,Paris,marne la vallée,,,,,,,,COURNOYER Benoit,,,,,,,,,,,,,,,,,,,,,,,,,,,,,"La ville durable, santé et bien-être","Les défis émergents, signaux faibles, nouvelles difficultés",,,,,,"Les liaisons dnagereuses entre activités humaines, systèmes techniques et dangers biologiques",,,,,
URBHEALTH,,SARTELET Karine,Ecole Nationale des Ponts ParisTech,Université Paris Est Créteil,Université de Montpellier ,Sorbonne Université,INSERM,IRD Grenoble,,,,,,,,,,,,,,,,,,CEREA,LISA,LMD,IGE,CEE-M,,,,,,,,,,,,,,,,,,"structure et évolution de la terre, enveloppe supérieure, fluide G8 35 36 37","Biologie, biochimie, physiologie, écologie, neuroscience - G10  64 à 69",Chimie - G7 31 32 33,Economie Gestion Management - G2 05 06,,,,,,,,"PE10 Sciences du Système Terre : Géographie physique, géologie, géophysique, sciences de l'atmosphère, océanographie, climatologie, cryologie, écologie, changements environnementaux globaux, cycles biogéochimiques, gestion des ressources naturelles",Santé,Pollution,inégalités,hétérogénéités,Sources,,,,,,,,,Créteil,Paris,Toulouse,Grenoble,Montpellier,,,,,,,SARTELET Kanine,LUGON Lya,ROUSTAN Yelva,FORÊT Gilles,COLL Isabelle,ELESSA ETUMAN Arthur,VALARI Myrto,LEQUY Emeline,ZINS Marie,NADIF Rachel,UZU Gaelle,LAVAINE Emmanuelle,JAMMES Mael,,,,,,,,,,,,,,,,,"La ville durable, santé et bien-être",,,,,,,Territoires URBanisés: influence des HEérogénéités spatiALes et des sources de pollution aTmospHérique sur la santé,,,,,
URBHealth,,GUEGUEN Philip,Université de Grenoble Alpes,Université Gustave Eiffel,Université Claude Bernard Lyon 1,CNRS,Université de Strasbourg,INSA-Lyon,,,,,,,,,,,,,,,,,,ISTerre,SRO,LGL-TPE,LGP,EOST,GEOMAS,CSEM,IRSN EPIC (Nanterre) ,,,,,,,,,,,,,,,Milieux Matériaux - G6 28 29 30,"Structure et évolution de la terre, enveloppe supérieure, fluide G8 35 36 37","Mécanique, Génie Civil - G9 60","Génie Informatique, automatisme, traitement signal - G9 61",Economie Gestion Management - G2 05 06,,,,,,,,Urbain,Risque,Vieillissement,Résilience,suivi,changements,intégration,,,,,,,Grenoble,Marne La Vallée,Lyon Saint Etienne,Paris,Strasbourg,,,,,,,BONILLA HIDALGO Luis-Fabian,TAUZIN Benoît  ,MOATI Annabel,GRANGE Stéphane,BOSSU Rémy,GELIS Céline,,,,,,,,,,,,,,,,,,,,,,,,La ville résiliente,"Les défis émergents, signaux faibles, nouvelles difficultés",,,,,,Surveillance urbaine pour la sécurité physique des biens confrontés à des défis à court et long termes,,,,,
UrBioLLabs,,BETIS Gilles,"Ecole Spéciale des Travaux Publics, du Bâtiment et de l'Industrie",AgroParisTech,Université de Bourgogne,CEREMA,,,,,,,,Commune de Cachan,Dijon Métropole,EPT Grand-Orly-Seine-Bièvre,Holcim Lafarge,Colas core,Artelia,Sources urbaines,Urbasense,,,,,IRC,,BGS,,,,,,,,,,,,,,,,,,,,"mécanique, Génie Civil - G9 60","Biologie, biochimie, physiologie, écologie, neuroscience - G10  64 à 69","Structure et évolution de la terre, enveloppe supérieure, fluide G8 35 36 37",,,,,,,,,"LS4 Physiologie de la santé, de la maladie et du vieillissement : Physiologie des organes et des tissus, physiologie comparée, physiologie du vieillissement, physiopathologie, communication entre les organes et les tissus, endocrinologie, nutrition, métabolisme, interaction avec le microbiome, maladies non transmissibles dont le cancer (à l'exception des troubles du système système nerveux et les maladies liées à l'immunité)",Ilots de chaleur,Eaux pluviales,biodiversité,trames écologiques,désimperméabilisation,Usages citoyens,Modélisation,Jumeau Numérique,ACV,Laboratoire vivant,,,,Paris,Dijon,Ile de France,,,,,,,,,,,,,,,,,,,,,,,,,,,,,,,,,,,,,,Le changement climatique,La ville résiliente,La ville inclusive et équitable,"La ville durable, santé et bien-être",,,,Laboratoires Vivants Bioclimatiques Urbains,,,,,
VEPAC,,BLOND Nadège,CNRS,Université de Strasbourg,CEREMA (Nantes),Université d'Angers,Université de Toulouse Capitole,Université de Strasbourg,INSA-Strasbourg,,,,,Eurométropole de Strasbourg,Alliance des collectivités ,Agence de l'Urbanisme,Association pour la surveillance de la qualité de l'air,,,,,,,,,LIVE,BPE,LEMNA,GRANEM,IRIT,LinCs,ICube,,,,,,,,,,,,,,,,Géographie - G4 23,Sociologie Démographie - G4 19,"Mécanique, Génie Civil - G9 60",Economie Gestion Management - G2 05 06,informatique - G5 27,"energétique, génie des procédé - G9 62",,,,,,"PE3 Physique de la matière condensée : Structure, propriétés électroniques, fluides, nanosciences, physique biologique",Ville,Climat,consommation énergétique,confort thermique,pollution de l'air,vulnérabilité,risque,,,,,,,Strasbourg,Nantes,Angers,Toulouse,,,,,,,,,,,,,,,,,,,,,,,,,,,,,,,,,,,,,La ville résiliente,Le changement climatique,La ville sobre et frugale,La ville inclusive et équitable,"La ville durable, santé et bien-être",,,"Vulnérabilité des populations urbaines à la pollution de l’air et aux vagues de chaleur : diagnostic, atténuation et adaptation",,,,,
VESTA,,LEQUAY Hervé,ENSAL,,,,,,,,,,,SDMIS 69,Métropole de Lyon,Ville de Lyon,UNESCO,Démonstrateur Ville Durable,DRAC,Bailleurs,,,,,,MAP-Aria,EVS,LIRIS,AAU,IMU ,,,,,,,,,,,,,,,,,,Architecture Arts - G4 18,Aménagement Urbanisme G4 24,Informatique - G5 27,Histoire - Archéologie - G4 21 22,,,,,,,,"LS6 Immunité, infection et immunothérapie : Le système immunitaire, les troubles associés et leurs mécanismes, biologie des agents infectieux et de l'infection, bases biologiques de la prévention et du traitement des maladies infectieuses, outils et approches immunologiques innovants, y compris les thérapies",secteurs patrimoniaux,Patrimonialisation,réhabilitation,revitalisation,vulnérabilité,monitoring,modélisation d'accompagnement,scénarisation,simulation,expérimentation,,,,Lyon Saint Etienne,Nantes,,,,,,,,,,,,,,,,,,,,,,,,,,,,,,,,,,,,,,,La ville résiliente,La ville inclusive et équitable,"La ville durable, santé et bien-être",,,,,"Vivre En Secteurs paTrimoniAux : potentialités, opportunités, vulnérabilités",,,,,
VF++,,MERLIER Lucie,INSA-Lyon,Université Claude Bernard Lyon 1,CEREMA,Université de la Rochelle,Paris cité,Université de Bordeaux,Université de Nantes ,AMU,Université Jean-Moulin Lyon 3,,,CSTB,Métropole de Lyon,,,,,,,,,,,CETHIL,BPE,LaSIE,M2P2,LIED,I2M,ESO,EVS,,,,,,,,,,,,,,,"energétique, génie des procédé - G9 62",architecture Arts - G4 18,Aménagement Urbanisme G4 24,,,,,,,,,,surchauffe urbaine,solutions de rafraichissement,Santé,Adaptation,système socio-écologique,,,,,,,,,Lyon Saint Etienne,La Rochelle,Bordeaux,Paris,Aix Marseille,Nantes,,,,,,,,,,,,,,,,,,,,,,,,,,,,,,,,,,,"La ville durable, santé et bien-être",Le changement climatique,La ville résiliente,La ville inclusive et équitable,,,,"Des Villes Fraiches Pour et Par Leurs USagers: associer des solutions douces, vertes et grises pour favoriser la bonne santé des habitants",,,,,
ViBaT,,IBOS Laurent,Université Paris Est Créteil,Université Gustave Eiffel,CMQ (campus des métiers et des qualifications d'excellences - transition numérique et écologique dans la construction),AMU,Université Bretagne Sud,,,,,,,Saint Gobain recherche Paris,"CMQ ""Transition numérique et écologique dans la construction""",,,,,,,,,,,CERTES,Lab'URBA,IUSTI,IRDL,,,,,,,,,,,,,,,,,,,"energétique, génie des procédé - G9 62",architecture Arts - G4 18,"Mécanique, Génie Civil - G9 60",informatique - G5 27,,,,,,,,,Matériaux bio-sourcés,Matériaux géo sources,Performance Thermique,Diagnostic,Aménagement urbain,,,,,,,,,Créteil,Marne La Vallée,Lorient,Aix Marseille,,,,,,,,,,,,,,,,,,,,,,,,,,,,,,,,,,,,,La ville sobre et frugale,La ville résiliente,"La ville durable, santé et bien-être",,,,,Ville et bâtiment en terre crue : étude multi échelle des solutions de construction bio et géo sourcées,,,,,
VILLE-VIVANTE,,KAUFMANN Bernard,Université Claude Bernard Lyon 1,,,,,,,,,,,,,,,,,,,,,,,LEHNA,EVS,SAD-APT,ESE,LADYSS,CEFE,iEES,LSE,CESCO,,,,,,,,,,,,,,"biologie, biochimie, physiologie, écologie, neuroscience - G10  64 à 69",Géographie - G4 23,sociologie Démographie - G4 19,"Structure et évolution de la terre, enveloppe supérieure, fluide G8 35 36 37",Histoire - Archéologie - G4 21 22,,,,,,,,Biodiversité,sols,habilitabilité,aménagement,végétal,recherche action,plurdisciplinarité,territoires,relation humain biodiversité,,,,,Lyon Saint Etienne,Paris,Montpellier,Nancy,,,,,,,,,,,,,,,,,,,,,,,,,,,,,,,,,,,,,Le changement climatique,La ville résiliente,"La ville durable, santé et bien-être",la préservation de la biodiversité,,,,"Ville durable, ville vivante : de la recherche à l’action",,,,,
Villénature,,LESIEUR Claire,ENS Lyon,INSA-Lyon,Université Claude Bernard Lyon 1,Ecole Centrale de Lyon,Université Savoie Mont Blanc,,,,,,,Université Western autralia,Curtin University,Institut Teknologi Bandung,,,,,,,,,,AMPERE,IXXI,LAMA,LIRIS,,,,,,,,,,,,,,,,,,,"biologie, biochimie, physiologie, écologie, neuroscience - G10  64 à 69","energétique, génie des procédé - G9 62",Informatique - G5 27,"Génie électrique, électronique, système - G9 63",mathématique - G5 25 26,"Structure et évolution de la terre, enveloppe supérieure, fluide G8 35 36 37","Mécanique, Génie Civil - G9 60",,,,,"LS7 Prévention, diagnostic et traitement des maladies humaines : Technologies et outils médicaux pour la prévention, diagnostic et traitement des maladies humaines, approches et interventions thérapeutiques, pharmacologie, médecine préventive, épidémiologie et santé publique, médecine numérique",Systèmes naturels durables,Systèmes urbains,Modélisation et simulation,Diagnostique & Performances,Biomimétisme urbain,Gestion de l'espace,Ville Stationnaire,Systèmes complexes,données,,,,,Lyon Saint Etienne,Chambery,Australie,Indonesie,,,,,,,,MARQUI-FAVRE Wilfrid,ZITOUNI Younes,SCORLETTI  Gérard,VUILLON Laurent,CAZABET Remy,GEORGE Annette,SMALL Michael,CAMPBELL Matthew,GIRI RACHMAN ARIFIN Ernawati,WIDIASTUTI Indah,,,,,,,,,,,,,,,,,,,,"La ville durable, santé et bien-être","Les défis émergents, signaux faibles, nouvelles difficultés",,,,,,Conception durable: de la nature à la ville,,,,,
VIMAP,,SERVIERES Myriam,Ecole Centrale de Nantes,Université Gustave Eiffel (Nantes),CEREMA (IdF),CNAM (Paris),CNRS-INS2I (Brest),,,,,,,,,,,,,,,,,,,AAU,GEOLOC,Lab-STICC,MATRIS,LaPEA,MESURS,,,,,,,,,,,,,,,,,Aménagement Urbanisme G4 24,Informatique - G5 27,Psychologie Ergonomie - G4 16,,,,,,,,,"PE7 Ingénierie des systèmes et de la communication : Ingénierie électrique, électronique, de la communication, optique et des systèmes",Mobilité Sénior,Marchabilité,réalité virtuelle,Modèles de marche,Perception,Enquêtes,Bénéfices sanitaires,inclusivité,Diagnostic,Cartographie,,,,Nantes,Brest,Paris,,,,,,,,,,,,,,,,,,,,,,,,,,,,,,,,,,,,,,La ville inclusive et équitable,"La ville durable, santé et bien-être",,,,,,Villes Inclusives pour la Mobilité Aînée Piétonne - Observation et Rendu de la Marchabilité pour une Mobilité Piétonne des Seniors,,,,,
VIREV,,CARO Stéphane,Université Gustave Eiffel,,,,,,,,,,,,,,,,,,,,,,,PICS-L,,,,,,,,,,,,,,,,,,,,,,Informatique - G5 27,"Mécanique, Génie Civil - G9 60",Géographie - G4 23,"Ethnologie, préhistoire Anthropologie - G4 20",,,,,,,,,Ville,aménagements,Déplacements,mobilité,interactions,simulation immersive,réalité virtuelle,bien-être,,,,,,Champ sur Marne,,,,,,,,,,,,,,,,,,,,,,,,,,,,,,,,,,,,,,,,"La ville durable, santé et bien-être",La ville sobre et frugale,"Les défis émergents, signaux faibles, nouvelles difficultés",,,,,Vivre les interactions de la rue en environnement virtuel pour mieux anticiper,,,,,
,,,,,,,,,,,,,,,,,,,,,,,,,,,,,,,,,,,,,,,,,,,,,,,,,,,,,,,,,,,,,,,,,,,,,,,,,,,,,,,,,,,,,,,,,,,,,,,,,,,,,,,,,,,,,,,,,,,,,,,,,,,,,
,,,,,,,,,,,,,,,,,,,,,,,,,,,,,,,,,,,,,,,,,,,,,,,,,,,,,,,,,,,,,,,,,,,,,,,,,,,,,,,,,,,,,,,,,,,,,,,,,,,,,,,,,,,,,,,,,,,,,,,,,,,,,
On a 77 projets,,,,,,,,,,,,,,,,,,,,,,,,,,,,,,,,,,,,,,,,,,,,,,,,,,,,,,,,,,,,,,,,,,,,,,,,,,,,,,,,,,,,,,,,,,,,,,,,,,,,,,,,,,,,,,,,,,,,,,,,,,,,,
